T, S, P0, P1, P2, A1, A2, R1, R2
2, 42, 158, 0, 0, 0, 0, 0, 0
3, 42, 158, 0, 0, 0, 0, 0, 0
4, 42, 158, 0, 0, 0, 0, 0, 0
5, 42, 158, 0, 0, 0, 0, 0, 0
6, 42, 158, 0, 0, 0, 0, 0, 0
7, 42, 158, 0, 0, 0, 0, 0, 0
8, 42, 158, 0, 0, 0, 0, 0, 0
9, 42, 158, 0, 0, 0, 0, 0, 0
10, 42, 158, 0, 0, 0, 0, 0, 0
11, 42, 158, 0, 0, 0, 0, 0, 0
12, 42, 158, 0, 0, 0, 0, 0, 0
13, 42, 158, 0, 0, 0, 0, 0, 0
14, 42, 158, 0, 0, 0, 0, 0, 0
15, 42, 158, 0, 0, 0, 0, 0, 0
16, 42, 158, 0, 0, 0, 0, 0, 0
17, 42, 158, 0, 0, 0, 0, 0, 0
18, 42, 158, 0, 0, 0, 0, 0, 0
19, 42, 158, 0, 0, 0, 0, 0, 0
20, 42, 158, 0, 0, 0, 0, 0, 0
21, 42, 158, 0, 0, 0, 0, 0, 0
22, 42, 158, 0, 0, 0, 0, 0, 0
23, 42, 158, 0, 0, 0, 0, 0, 0
24, 42, 158, 0, 0, 0, 0, 0, 0
25, 42, 158, 0, 0, 0, 0, 0, 0
26, 42, 158, 0, 0, 0, 0, 0, 0
27, 42, 158, 0, 0, 0, 0, 0, 0
28, 42, 158, 0, 0, 0, 0, 0, 0
29, 42, 158, 0, 0, 0, 0, 0, 0
30, 42, 158, 0, 0, 0, 0, 0, 0
31, 42, 158, 0, 0, 0, 0, 0, 0
32, 42, 158, 0, 0, 0, 0, 0, 0
33, 42, 158, 0, 0, 0, 0, 0, 0
34, 42, 158, 0, 0, 0, 0, 0, 0
35, 42, 158, 0, 0, 0, 0, 0, 0
36, 42, 158, 0, 0, 0, 0, 0, 0
37, 42, 158, 0, 0, 0, 0, 0, 0
38, 42, 158, 0, 0, 0, 0, 0, 0
39, 42, 158, 0, 0, 0, 0, 0, 0
40, 42, 158, 0, 0, 0, 0, 0, 0
41, 42, 158, 0, 0, 0, 0, 0, 0
42, 42, 158, 0, 0, 0, 0, 0, 0
43, 42, 158, 0, 0, 0, 0, 0, 0
44, 42, 158, 0, 0, 0, 0, 0, 0
45, 42, 158, 0, 0, 0, 0, 0, 0
46, 42, 158, 0, 0, 0, 0, 0, 0
47, 42, 158, 0, 0, 0, 0, 0, 0
48, 42, 158, 0, 0, 0, 0, 0, 0
49, 42, 158, 0, 0, 0, 0, 0, 0
50, 42, 158, 0, 0, 0, 0, 0, 0
51, 42, 158, 0, 0, 0, 0, 0, 0
52, 42, 158, 0, 0, 0, 0, 0, 0
53, 42, 158, 0, 0, 0, 0, 0, 0
54, 42, 158, 0, 0, 0, 0, 0, 0
55, 42, 158, 0, 0, 0, 0, 0, 0
56, 42, 158, 0, 0, 0, 0, 0, 0
57, 42, 158, 0, 0, 0, 0, 0, 0
58, 42, 158, 0, 0, 0, 0, 0, 0
59, 42, 158, 0, 0, 0, 0, 0, 0
60, 42, 158, 0, 0, 0, 0, 0, 0
61, 42, 158, 0, 0, 0, 0, 0, 0
62, 42, 158, 0, 0, 0, 0, 0, 0
63, 42, 158, 0, 0, 0, 0, 0, 0
64, 42, 158, 0, 0, 0, 0, 0, 0
65, 42, 158, 0, 0, 0, 0, 0, 0
66, 42, 158, 0, 0, 0, 0, 0, 0
67, 42, 158, 0, 0, 0, 0, 0, 0
68, 42, 158, 0, 0, 0, 0, 0, 0
69, 42, 158, 0, 0, 0, 0, 0, 0
70, 42, 158, 0, 0, 0, 0, 0, 0
71, 42, 158, 0, 0, 0, 0, 0, 0
72, 42, 158, 0, 0, 0, 0, 0, 0
73, 42, 158, 0, 0, 0, 0, 0, 0
74, 42, 158, 0, 0, 0, 0, 0, 0
75, 42, 158, 0, 0, 0, 0, 0, 0
76, 42, 158, 0, 0, 0, 0, 0, 0
77, 42, 158, 0, 0, 0, 0, 0, 0
78, 42, 158, 0, 0, 0, 0, 0, 0
79, 42, 158, 0, 0, 0, 0, 0, 0
80, 42, 158, 0, 0, 0, 0, 0, 0
81, 42, 158, 0, 0, 0, 0, 0, 0
82, 42, 158, 0, 0, 0, 0, 0, 0
83, 42, 158, 0, 0, 0, 0, 0, 0
84, 42, 158, 0, 0, 0, 0, 0, 0
85, 42, 158, 0, 0, 0, 0, 0, 0
86, 42, 158, 0, 0, 0, 0, 0, 0
87, 42, 158, 0, 0, 0, 0, 0, 0
88, 42, 158, 0, 0, 0, 0, 0, 0
89, 42, 158, 0, 0, 0, 0, 0, 0
90, 42, 158, 0, 0, 0, 0, 0, 0
91, 42, 158, 0, 0, 0, 0, 0, 0
92, 42, 158, 0, 0, 0, 0, 0, 0
93, 42, 158, 0, 0, 0, 0, 0, 0
94, 42, 158, 0, 0, 0, 0, 0, 0
95, 42, 158, 0, 0, 0, 0, 0, 0
96, 42, 158, 0, 0, 0, 0, 0, 0
97, 42, 158, 0, 0, 0, 0, 0, 0
98, 42, 158, 0, 0, 0, 0, 0, 0
99, 42, 158, 0, 0, 0, 0, 0, 0
100, 42, 158, 0, 0, 0, 0, 0, 0
101, 42, 158, 0, 0, 0, 0, 0, 0
102, 42, 158, 0, 0, 0, 0, 0, 0
103, 42, 158, 0, 0, 0, 0, 0, 0
104, 42, 158, 0, 0, 0, 0, 0, 0
105, 42, 158, 0, 0, 0, 0, 0, 0
106, 42, 158, 0, 0, 0, 0, 0, 0
107, 42, 158, 0, 0, 0, 0, 0, 0
108, 42, 158, 0, 0, 0, 0, 0, 0
109, 42, 158, 0, 0, 0, 0, 0, 0
110, 42, 158, 0, 0, 0, 0, 0, 0
111, 42, 158, 0, 0, 0, 0, 0, 0
112, 42, 158, 0, 0, 0, 0, 0, 0
113, 42, 158, 0, 0, 0, 0, 0, 0
114, 41, 158, 0, 0, 0, 1, 0, 0
115, 41, 158, 0, 0, 0, 1, 0, 0
116, 41, 158, 0, 0, 0, 1, 0, 0
117, 41, 158, 0, 0, 0, 1, 0, 0
118, 41, 158, 0, 0, 0, 1, 0, 0
119, 41, 158, 0, 0, 0, 1, 0, 0
120, 41, 158, 0, 0, 0, 1, 0, 0
121, 41, 158, 0, 0, 0, 1, 0, 0
122, 41, 158, 0, 0, 0, 1, 0, 0
123, 41, 158, 0, 0, 0, 1, 0, 0
124, 41, 158, 0, 0, 0, 1, 0, 0
125, 41, 158, 0, 0, 0, 1, 0, 0
126, 41, 158, 0, 0, 0, 1, 0, 0
127, 41, 158, 0, 0, 0, 1, 0, 0
128, 41, 158, 0, 0, 0, 1, 0, 0
129, 41, 158, 0, 0, 0, 1, 0, 0
130, 41, 158, 0, 0, 0, 1, 0, 0
131, 41, 158, 0, 0, 0, 1, 0, 0
132, 41, 158, 0, 0, 0, 1, 0, 0
133, 41, 158, 0, 0, 0, 1, 0, 0
134, 41, 158, 0, 0, 0, 1, 0, 0
135, 41, 158, 0, 0, 0, 1, 0, 0
136, 41, 158, 0, 0, 0, 1, 0, 0
137, 41, 158, 0, 0, 0, 1, 0, 0
138, 41, 158, 0, 0, 0, 1, 0, 0
139, 41, 158, 0, 0, 0, 1, 0, 0
140, 41, 158, 0, 0, 0, 1, 0, 0
141, 41, 158, 0, 0, 0, 1, 0, 0
142, 41, 158, 0, 0, 0, 1, 0, 0
143, 41, 158, 0, 0, 0, 1, 0, 0
144, 41, 158, 0, 0, 0, 1, 0, 0
145, 41, 158, 0, 0, 0, 1, 0, 0
146, 41, 158, 0, 0, 0, 1, 0, 0
147, 41, 158, 0, 0, 0, 1, 0, 0
148, 41, 158, 0, 0, 0, 1, 0, 0
149, 41, 158, 0, 0, 0, 1, 0, 0
150, 41, 158, 0, 0, 0, 1, 0, 0
151, 41, 158, 0, 0, 0, 1, 0, 0
152, 41, 158, 0, 0, 0, 1, 0, 0
153, 41, 158, 0, 0, 0, 1, 0, 0
154, 41, 158, 0, 0, 0, 1, 0, 0
155, 41, 158, 0, 0, 0, 1, 0, 0
156, 41, 158, 0, 0, 0, 1, 0, 0
157, 41, 158, 0, 0, 0, 1, 0, 0
158, 41, 158, 0, 0, 0, 1, 0, 0
159, 41, 158, 0, 0, 0, 1, 0, 0
160, 41, 158, 0, 0, 0, 1, 0, 0
161, 41, 158, 0, 0, 0, 1, 0, 0
162, 41, 158, 0, 0, 0, 1, 0, 0
163, 41, 158, 0, 0, 0, 1, 0, 0
164, 41, 158, 0, 0, 0, 1, 0, 0
165, 41, 158, 0, 0, 0, 1, 0, 0
166, 41, 158, 0, 0, 0, 1, 0, 0
167, 41, 158, 0, 0, 0, 1, 0, 0
168, 41, 158, 0, 0, 0, 1, 0, 0
169, 41, 158, 0, 0, 0, 1, 0, 0
170, 41, 158, 0, 0, 0, 1, 0, 0
171, 41, 158, 0, 0, 0, 1, 0, 0
172, 41, 158, 0, 0, 0, 1, 0, 0
173, 41, 158, 0, 0, 0, 1, 0, 0
174, 41, 158, 0, 0, 0, 1, 0, 0
175, 41, 158, 0, 0, 0, 0, 0, 1
176, 41, 158, 0, 0, 0, 0, 0, 1
177, 41, 158, 0, 0, 0, 0, 0, 1
178, 41, 158, 0, 0, 0, 0, 0, 1
179, 41, 158, 0, 0, 0, 0, 0, 1
180, 41, 158, 0, 0, 0, 0, 0, 1
181, 41, 158, 0, 0, 0, 0, 0, 1
182, 41, 158, 0, 0, 0, 0, 0, 1
183, 41, 158, 0, 0, 0, 0, 0, 1
184, 41, 158, 0, 0, 0, 0, 0, 1
185, 41, 158, 0, 0, 0, 0, 0, 1
186, 41, 158, 0, 0, 0, 0, 0, 1
187, 41, 158, 0, 0, 0, 0, 0, 1
188, 41, 158, 0, 0, 0, 0, 0, 1
189, 41, 158, 0, 0, 0, 0, 0, 1
190, 41, 158, 0, 0, 0, 0, 0, 1
191, 41, 158, 0, 0, 0, 0, 0, 1
192, 41, 158, 0, 0, 0, 0, 0, 1
193, 41, 158, 0, 0, 0, 0, 0, 1
194, 41, 158, 0, 0, 0, 0, 0, 1
195, 41, 158, 0, 0, 0, 0, 0, 1
196, 41, 158, 0, 0, 0, 0, 0, 1
197, 41, 158, 0, 0, 0, 0, 0, 1
198, 41, 158, 0, 0, 0, 0, 0, 1
199, 41, 158, 0, 0, 0, 0, 0, 1
200, 41, 158, 0, 0, 0, 0, 0, 1
201, 41, 158, 0, 0, 0, 0, 0, 1
202, 41, 158, 0, 0, 0, 0, 0, 1
203, 41, 158, 0, 0, 0, 0, 0, 1
204, 41, 158, 0, 0, 0, 0, 0, 1
205, 41, 158, 0, 0, 0, 0, 0, 1
206, 41, 158, 0, 0, 0, 0, 0, 1
207, 41, 158, 0, 0, 0, 0, 0, 1
208, 41, 158, 0, 0, 0, 0, 0, 1
209, 41, 158, 0, 0, 0, 0, 0, 1
210, 41, 158, 0, 0, 0, 0, 0, 1
211, 41, 158, 0, 0, 0, 0, 0, 1
212, 41, 158, 0, 0, 0, 0, 0, 1
213, 41, 158, 0, 0, 0, 0, 0, 1
214, 41, 158, 0, 0, 0, 0, 0, 1
215, 41, 158, 0, 0, 0, 0, 0, 1
216, 41, 158, 0, 0, 0, 0, 0, 1
217, 41, 158, 0, 0, 0, 0, 0, 1
218, 41, 158, 0, 0, 0, 0, 0, 1
219, 41, 158, 0, 0, 0, 0, 0, 1
220, 41, 158, 0, 0, 0, 0, 0, 1
221, 41, 158, 0, 0, 0, 0, 0, 1
222, 41, 158, 0, 0, 0, 0, 0, 1
223, 41, 158, 0, 0, 0, 0, 0, 1
224, 41, 158, 0, 0, 0, 0, 0, 1
225, 41, 158, 0, 0, 0, 0, 0, 1
226, 41, 158, 0, 0, 0, 0, 0, 1
227, 41, 158, 0, 0, 0, 0, 0, 1
228, 41, 158, 0, 0, 0, 0, 0, 1
229, 41, 158, 0, 0, 0, 0, 0, 1
230, 40, 158, 0, 0, 0, 1, 0, 1
231, 40, 158, 0, 0, 0, 1, 0, 1
232, 40, 158, 0, 0, 0, 1, 0, 1
233, 40, 158, 0, 0, 0, 1, 0, 1
234, 40, 158, 0, 0, 0, 1, 0, 1
235, 40, 158, 0, 0, 0, 1, 0, 1
236, 40, 158, 0, 0, 0, 1, 0, 1
237, 40, 158, 0, 0, 0, 1, 0, 1
238, 40, 158, 0, 0, 0, 1, 0, 1
239, 40, 158, 0, 0, 0, 1, 0, 1
240, 40, 158, 0, 0, 0, 1, 0, 1
241, 40, 158, 0, 0, 0, 1, 0, 1
242, 40, 158, 0, 0, 0, 1, 0, 1
243, 40, 158, 0, 0, 0, 1, 0, 1
244, 40, 158, 0, 0, 0, 1, 0, 1
245, 40, 158, 0, 0, 0, 1, 0, 1
246, 40, 158, 0, 0, 0, 1, 0, 1
247, 40, 158, 0, 0, 0, 1, 0, 1
248, 40, 158, 0, 0, 0, 1, 0, 1
249, 40, 158, 0, 0, 0, 1, 0, 1
250, 40, 158, 0, 0, 0, 1, 0, 1
251, 40, 158, 0, 0, 0, 1, 0, 1
252, 40, 158, 0, 0, 0, 1, 0, 1
253, 40, 158, 0, 0, 0, 1, 0, 1
254, 40, 158, 0, 0, 0, 1, 0, 1
255, 40, 158, 0, 0, 0, 1, 0, 1
256, 40, 158, 0, 0, 0, 1, 0, 1
257, 40, 158, 0, 0, 0, 1, 0, 1
258, 40, 158, 0, 0, 0, 1, 0, 1
259, 40, 158, 0, 0, 0, 1, 0, 1
260, 40, 158, 0, 0, 0, 1, 0, 1
261, 40, 158, 0, 0, 0, 1, 0, 1
262, 40, 158, 0, 0, 0, 1, 0, 1
263, 40, 158, 0, 0, 0, 1, 0, 1
264, 40, 158, 0, 0, 0, 1, 0, 1
265, 39, 158, 0, 0, 0, 2, 0, 1
266, 39, 158, 0, 0, 0, 2, 0, 1
267, 39, 158, 0, 0, 0, 2, 0, 1
268, 39, 158, 0, 0, 0, 2, 0, 1
269, 39, 158, 0, 0, 0, 2, 0, 1
270, 39, 158, 0, 0, 0, 2, 0, 1
271, 39, 158, 0, 0, 0, 2, 0, 1
272, 39, 158, 0, 0, 0, 2, 0, 1
273, 39, 158, 0, 0, 0, 2, 0, 1
274, 39, 158, 0, 0, 0, 2, 0, 1
275, 39, 158, 0, 0, 0, 2, 0, 1
276, 39, 158, 0, 0, 0, 2, 0, 1
277, 39, 158, 0, 0, 0, 2, 0, 1
278, 39, 158, 0, 0, 0, 2, 0, 1
279, 39, 158, 0, 0, 0, 2, 0, 1
280, 39, 158, 0, 0, 0, 2, 0, 1
281, 39, 158, 0, 0, 0, 2, 0, 1
282, 39, 158, 0, 0, 0, 2, 0, 1
283, 39, 158, 0, 0, 0, 2, 0, 1
284, 39, 158, 0, 0, 0, 2, 0, 1
285, 39, 158, 0, 0, 0, 2, 0, 1
286, 39, 158, 0, 0, 0, 2, 0, 1
287, 39, 158, 0, 0, 0, 2, 0, 1
288, 39, 158, 0, 0, 0, 2, 0, 1
289, 39, 158, 0, 0, 0, 2, 0, 1
290, 39, 158, 0, 0, 0, 2, 0, 1
291, 39, 158, 0, 0, 0, 1, 0, 2
292, 39, 158, 0, 0, 0, 1, 0, 2
293, 39, 158, 0, 0, 0, 1, 0, 2
294, 39, 158, 0, 0, 0, 1, 0, 2
295, 39, 158, 0, 0, 0, 1, 0, 2
296, 39, 158, 0, 0, 0, 1, 0, 2
297, 39, 158, 0, 0, 0, 1, 0, 2
298, 39, 158, 0, 0, 0, 1, 0, 2
299, 39, 158, 0, 0, 0, 1, 0, 2
300, 39, 158, 0, 0, 0, 1, 0, 2
301, 39, 158, 0, 0, 0, 1, 0, 2
302, 39, 158, 0, 0, 0, 1, 0, 2
303, 39, 158, 0, 0, 0, 1, 0, 2
304, 39, 158, 0, 0, 0, 1, 0, 2
305, 39, 158, 0, 0, 0, 1, 0, 2
306, 39, 158, 0, 0, 0, 1, 0, 2
307, 39, 158, 0, 0, 0, 1, 0, 2
308, 39, 158, 0, 0, 0, 1, 0, 2
309, 39, 158, 0, 0, 0, 1, 0, 2
310, 39, 158, 0, 0, 0, 1, 0, 2
311, 39, 158, 0, 0, 0, 1, 0, 2
312, 39, 158, 0, 0, 0, 1, 0, 2
313, 39, 158, 0, 0, 0, 1, 0, 2
314, 38, 158, 0, 0, 1, 1, 0, 2
315, 38, 158, 0, 0, 1, 1, 0, 2
316, 38, 158, 0, 0, 1, 1, 0, 2
317, 38, 158, 0, 0, 1, 1, 0, 2
318, 38, 158, 0, 0, 1, 1, 0, 2
319, 38, 158, 0, 0, 1, 1, 0, 2
320, 38, 158, 0, 0, 1, 1, 0, 2
321, 38, 158, 0, 0, 1, 1, 0, 2
322, 38, 158, 0, 0, 1, 1, 0, 2
323, 38, 158, 0, 0, 1, 1, 0, 2
324, 38, 158, 0, 0, 1, 1, 0, 2
325, 38, 158, 0, 0, 1, 1, 0, 2
326, 38, 158, 0, 0, 1, 0, 0, 3
327, 38, 158, 0, 0, 1, 0, 0, 3
328, 38, 158, 0, 0, 1, 0, 0, 3
329, 38, 158, 0, 0, 1, 0, 0, 3
330, 38, 158, 0, 0, 1, 0, 0, 3
331, 38, 158, 0, 0, 1, 0, 0, 3
332, 38, 158, 0, 0, 1, 0, 0, 3
333, 38, 158, 0, 0, 1, 0, 0, 3
334, 38, 158, 0, 0, 1, 0, 0, 3
335, 38, 158, 0, 0, 1, 0, 0, 3
336, 38, 158, 0, 0, 1, 0, 0, 3
337, 38, 157, 0, 0, 1, 1, 0, 3
338, 38, 157, 0, 0, 1, 1, 0, 3
339, 38, 157, 0, 0, 1, 1, 0, 3
340, 38, 157, 0, 0, 1, 1, 0, 3
341, 38, 157, 0, 0, 1, 1, 0, 3
342, 38, 157, 0, 0, 1, 1, 0, 3
343, 38, 157, 0, 0, 1, 1, 0, 3
344, 38, 157, 0, 0, 1, 1, 0, 3
345, 38, 157, 0, 0, 1, 1, 0, 3
346, 38, 157, 0, 0, 1, 1, 0, 3
347, 37, 157, 0, 0, 2, 1, 0, 3
348, 37, 157, 0, 0, 2, 1, 0, 3
349, 37, 157, 0, 0, 2, 1, 0, 3
350, 37, 157, 0, 0, 2, 1, 0, 3
351, 37, 157, 0, 0, 2, 1, 0, 3
352, 37, 157, 0, 0, 2, 1, 0, 3
353, 37, 157, 0, 0, 2, 1, 0, 3
354, 37, 157, 0, 0, 2, 1, 0, 3
355, 37, 157, 0, 0, 2, 1, 0, 3
356, 37, 157, 0, 0, 2, 1, 0, 3
357, 37, 157, 0, 0, 2, 1, 0, 3
358, 37, 157, 0, 0, 2, 1, 0, 3
359, 37, 157, 0, 0, 2, 1, 0, 3
360, 37, 157, 0, 0, 2, 1, 0, 3
361, 37, 157, 0, 0, 2, 1, 0, 3
362, 37, 157, 0, 0, 2, 1, 0, 3
363, 37, 157, 0, 0, 2, 1, 0, 3
364, 37, 157, 0, 0, 2, 1, 0, 3
365, 37, 157, 0, 0, 2, 1, 0, 3
366, 37, 157, 0, 0, 2, 1, 0, 3
367, 37, 157, 0, 0, 2, 1, 0, 3
368, 37, 157, 0, 0, 2, 1, 0, 3
369, 37, 157, 0, 0, 2, 1, 0, 3
370, 37, 157, 0, 0, 2, 1, 0, 3
371, 37, 157, 0, 0, 2, 1, 0, 3
372, 37, 157, 0, 0, 2, 1, 0, 3
373, 37, 157, 0, 0, 2, 1, 0, 3
374, 37, 157, 0, 0, 2, 1, 0, 3
375, 37, 157, 0, 0, 1, 1, 1, 3
376, 36, 157, 0, 0, 1, 2, 1, 3
377, 36, 157, 0, 0, 1, 2, 1, 3
378, 36, 157, 0, 0, 1, 2, 1, 3
379, 35, 157, 0, 0, 2, 3, 1, 2
380, 34, 157, 0, 0, 3, 3, 1, 2
381, 34, 157, 0, 0, 3, 3, 1, 2
382, 34, 157, 0, 0, 3, 3, 1, 2
383, 34, 157, 0, 0, 3, 3, 1, 2
384, 34, 157, 0, 0, 3, 3, 1, 2
385, 34, 157, 0, 0, 3, 3, 1, 2
386, 33, 156, 0, 0, 3, 5, 1, 2
387, 33, 156, 0, 0, 3, 5, 1, 2
388, 33, 156, 0, 0, 3, 5, 1, 2
389, 33, 156, 0, 0, 3, 5, 1, 2
390, 33, 156, 0, 0, 3, 5, 1, 2
391, 33, 156, 0, 0, 3, 5, 1, 2
392, 33, 156, 0, 0, 3, 5, 1, 2
393, 33, 156, 0, 0, 3, 5, 1, 2
394, 33, 156, 0, 0, 3, 5, 1, 2
395, 33, 156, 0, 0, 3, 5, 1, 2
396, 33, 156, 0, 0, 3, 5, 1, 2
397, 33, 156, 0, 0, 3, 4, 1, 3
398, 33, 156, 0, 0, 3, 4, 1, 3
399, 32, 156, 0, 0, 3, 5, 1, 3
400, 32, 156, 0, 0, 3, 5, 1, 3
401, 32, 156, 0, 0, 3, 5, 1, 3
402, 32, 156, 0, 0, 3, 5, 1, 3
403, 32, 156, 0, 0, 3, 5, 1, 3
404, 32, 156, 0, 0, 3, 5, 1, 3
405, 32, 156, 0, 0, 3, 5, 1, 3
406, 32, 156, 0, 0, 3, 5, 1, 3
407, 31, 156, 0, 0, 3, 6, 1, 3
408, 31, 156, 0, 0, 2, 6, 2, 3
409, 31, 156, 0, 0, 2, 6, 2, 3
410, 31, 156, 0, 0, 2, 6, 2, 3
411, 31, 156, 0, 0, 2, 6, 2, 3
412, 31, 156, 0, 0, 2, 6, 2, 3
413, 31, 156, 0, 0, 2, 6, 2, 3
414, 31, 156, 0, 0, 2, 6, 2, 3
415, 31, 156, 0, 0, 2, 6, 2, 3
416, 31, 156, 0, 0, 2, 6, 2, 3
417, 31, 156, 0, 0, 2, 6, 2, 3
418, 31, 156, 0, 0, 2, 6, 2, 3
419, 31, 156, 0, 0, 2, 6, 2, 3
420, 31, 156, 0, 0, 2, 6, 2, 3
421, 31, 156, 0, 0, 2, 6, 2, 3
422, 31, 156, 0, 0, 2, 6, 2, 3
423, 31, 156, 0, 0, 2, 6, 2, 3
424, 31, 156, 0, 0, 2, 6, 2, 3
425, 31, 156, 0, 0, 2, 6, 2, 3
426, 31, 156, 0, 0, 2, 6, 2, 3
427, 31, 156, 0, 0, 2, 6, 2, 3
428, 31, 156, 0, 0, 2, 6, 2, 3
429, 31, 156, 0, 0, 2, 6, 2, 3
430, 31, 156, 0, 0, 2, 6, 2, 3
431, 31, 156, 0, 0, 2, 6, 2, 3
432, 31, 156, 0, 0, 2, 6, 2, 3
433, 31, 156, 0, 0, 2, 6, 2, 3
434, 31, 156, 0, 0, 2, 6, 2, 3
435, 31, 156, 0, 0, 2, 6, 2, 3
436, 31, 156, 0, 0, 2, 6, 2, 3
437, 32, 156, 0, 0, 2, 5, 2, 3
438, 32, 156, 0, 0, 2, 5, 2, 3
439, 32, 156, 0, 0, 2, 5, 2, 3
440, 32, 156, 0, 0, 0, 4, 4, 4
441, 32, 156, 0, 0, 0, 4, 4, 4
442, 32, 156, 0, 0, 0, 4, 4, 4
443, 32, 156, 0, 0, 0, 4, 4, 4
444, 32, 156, 0, 0, 0, 4, 4, 4
445, 32, 156, 0, 0, 0, 4, 4, 4
446, 32, 156, 0, 0, 0, 4, 4, 4
447, 32, 156, 0, 0, 0, 2, 4, 6
448, 32, 156, 0, 0, 0, 2, 4, 6
449, 32, 156, 0, 0, 0, 2, 4, 6
450, 32, 156, 0, 0, 0, 3, 4, 5
451, 32, 156, 0, 0, 0, 3, 4, 5
452, 32, 156, 0, 0, 0, 3, 4, 5
453, 32, 156, 0, 0, 0, 3, 4, 5
454, 32, 156, 0, 0, 0, 3, 4, 5
455, 32, 156, 0, 0, 0, 3, 4, 5
456, 32, 156, 0, 0, 0, 3, 4, 5
457, 32, 156, 0, 0, 0, 3, 4, 5
458, 32, 156, 0, 0, 0, 3, 4, 5
459, 32, 156, 0, 0, 0, 3, 4, 5
460, 32, 156, 0, 0, 0, 2, 4, 6
461, 32, 156, 0, 0, 0, 2, 4, 6
462, 32, 156, 0, 0, 0, 2, 4, 6
463, 32, 156, 0, 0, 0, 2, 4, 6
464, 32, 156, 0, 0, 0, 2, 4, 6
465, 32, 156, 0, 0, 0, 2, 4, 6
466, 31, 156, 0, 0, 1, 2, 4, 6
467, 31, 156, 0, 0, 1, 2, 4, 6
468, 32, 156, 0, 0, 1, 1, 4, 6
469, 32, 156, 0, 0, 1, 1, 4, 6
470, 32, 156, 0, 0, 1, 1, 4, 6
471, 32, 156, 0, 0, 1, 1, 4, 6
472, 32, 156, 0, 0, 1, 1, 4, 6
473, 32, 156, 0, 0, 1, 1, 4, 6
474, 32, 156, 0, 0, 1, 1, 4, 6
475, 32, 156, 0, 0, 1, 1, 4, 6
476, 32, 156, 0, 0, 1, 1, 4, 6
477, 32, 156, 0, 0, 1, 1, 4, 6
478, 32, 156, 0, 0, 1, 1, 4, 6
479, 32, 156, 0, 0, 1, 1, 4, 6
480, 32, 155, 0, 0, 2, 1, 4, 6
481, 32, 155, 0, 0, 2, 1, 4, 6
482, 32, 155, 0, 0, 2, 1, 4, 6
483, 32, 155, 0, 0, 2, 1, 4, 6
484, 32, 155, 0, 0, 2, 1, 4, 6
485, 32, 155, 0, 0, 2, 1, 4, 6
486, 32, 155, 0, 0, 2, 1, 4, 6
487, 32, 155, 0, 0, 2, 1, 4, 6
488, 32, 155, 0, 0, 2, 1, 4, 6
489, 32, 155, 0, 0, 2, 1, 4, 6
490, 32, 155, 0, 0, 2, 1, 4, 6
491, 31, 155, 0, 0, 2, 2, 4, 6
492, 30, 155, 0, 0, 2, 3, 4, 6
493, 29, 154, 0, 0, 2, 5, 4, 6
494, 29, 154, 0, 0, 2, 5, 4, 6
495, 28, 154, 0, 0, 3, 6, 4, 5
496, 28, 154, 0, 0, 3, 6, 4, 5
497, 28, 154, 0, 0, 3, 6, 4, 5
498, 28, 154, 0, 0, 3, 6, 4, 5
499, 28, 154, 0, 0, 3, 6, 4, 5
500, 28, 154, 0, 0, 3, 6, 4, 5
501, 28, 154, 0, 0, 3, 6, 4, 5
502, 28, 154, 0, 0, 3, 6, 4, 5
503, 28, 154, 0, 0, 3, 6, 4, 5
504, 28, 154, 0, 0, 3, 6, 4, 5
505, 28, 154, 0, 0, 3, 6, 4, 5
506, 28, 154, 0, 0, 3, 6, 4, 5
507, 28, 154, 0, 0, 3, 6, 4, 5
508, 28, 154, 0, 0, 3, 6, 4, 5
509, 28, 154, 0, 0, 3, 6, 4, 5
510, 28, 154, 0, 0, 3, 6, 4, 5
511, 28, 154, 0, 0, 3, 5, 4, 6
512, 28, 154, 0, 0, 3, 5, 4, 6
513, 28, 154, 0, 0, 3, 5, 4, 6
514, 28, 154, 0, 0, 3, 5, 4, 6
515, 28, 154, 0, 0, 3, 5, 4, 6
516, 28, 154, 0, 0, 3, 5, 4, 6
517, 28, 154, 0, 0, 3, 5, 4, 6
518, 28, 154, 0, 0, 3, 5, 4, 6
519, 28, 154, 0, 0, 3, 5, 4, 6
520, 28, 154, 0, 0, 3, 5, 4, 6
521, 28, 154, 0, 0, 3, 5, 4, 6
522, 28, 154, 0, 0, 3, 5, 4, 6
523, 28, 154, 0, 0, 3, 5, 4, 6
524, 27, 154, 0, 0, 4, 5, 4, 6
525, 27, 154, 0, 0, 4, 5, 4, 6
526, 27, 154, 0, 0, 4, 5, 4, 6
527, 27, 154, 0, 0, 4, 5, 4, 6
528, 27, 154, 0, 0, 5, 5, 3, 6
529, 27, 154, 0, 0, 5, 5, 3, 6
530, 27, 154, 0, 0, 5, 5, 3, 6
531, 27, 154, 0, 0, 5, 5, 3, 6
532, 27, 154, 0, 0, 5, 5, 3, 6
533, 27, 154, 0, 0, 5, 5, 3, 6
534, 27, 154, 0, 0, 5, 5, 3, 6
535, 27, 154, 0, 0, 5, 5, 3, 6
536, 27, 154, 0, 0, 5, 5, 3, 6
537, 27, 154, 0, 0, 5, 5, 3, 6
538, 27, 154, 0, 0, 5, 5, 3, 6
539, 27, 154, 0, 0, 5, 5, 3, 6
540, 27, 154, 0, 0, 5, 5, 3, 6
541, 27, 154, 0, 0, 4, 5, 4, 6
542, 27, 154, 0, 0, 4, 5, 4, 6
543, 27, 153, 0, 0, 4, 6, 4, 6
544, 27, 153, 0, 0, 4, 6, 4, 6
545, 27, 153, 0, 0, 4, 6, 4, 6
546, 27, 153, 0, 0, 4, 6, 4, 6
547, 27, 153, 0, 0, 4, 6, 4, 6
548, 27, 153, 0, 0, 4, 6, 4, 6
549, 27, 153, 0, 0, 4, 6, 4, 6
550, 27, 153, 0, 0, 4, 6, 4, 6
551, 27, 153, 0, 0, 4, 6, 4, 6
552, 27, 153, 0, 0, 4, 5, 4, 7
553, 27, 153, 0, 0, 4, 4, 4, 8
554, 27, 153, 0, 0, 4, 2, 4, 10
555, 27, 153, 0, 0, 4, 2, 4, 10
556, 27, 153, 0, 0, 3, 1, 5, 11
557, 27, 153, 0, 0, 3, 1, 5, 11
558, 27, 153, 0, 0, 3, 1, 5, 11
559, 26, 153, 0, 0, 3, 2, 5, 11
560, 26, 153, 0, 0, 3, 2, 5, 11
561, 26, 153, 0, 0, 3, 2, 5, 11
562, 26, 153, 0, 0, 3, 2, 5, 11
563, 26, 153, 0, 0, 3, 2, 5, 11
564, 26, 153, 0, 0, 3, 2, 5, 11
565, 26, 153, 0, 0, 3, 2, 5, 11
566, 26, 153, 0, 0, 3, 2, 5, 11
567, 26, 153, 0, 0, 3, 2, 5, 11
568, 26, 153, 0, 0, 3, 3, 5, 10
569, 26, 153, 0, 0, 3, 3, 5, 10
570, 26, 153, 0, 0, 3, 3, 5, 10
571, 26, 153, 0, 0, 3, 3, 5, 10
572, 25, 153, 0, 0, 4, 3, 5, 10
573, 25, 153, 0, 0, 4, 3, 5, 10
574, 25, 153, 0, 0, 4, 3, 5, 10
575, 25, 153, 0, 0, 4, 3, 5, 10
576, 25, 153, 0, 0, 4, 3, 5, 10
577, 25, 153, 0, 0, 4, 3, 5, 10
578, 25, 153, 0, 0, 4, 3, 5, 10
579, 25, 153, 0, 0, 5, 3, 4, 10
580, 25, 153, 0, 0, 5, 3, 4, 10
581, 24, 153, 0, 0, 5, 4, 4, 10
582, 23, 153, 0, 0, 5, 5, 4, 10
583, 23, 153, 0, 0, 5, 5, 4, 10
584, 23, 153, 0, 0, 5, 5, 4, 10
585, 23, 153, 0, 0, 4, 5, 5, 10
586, 23, 153, 0, 0, 4, 5, 5, 10
587, 23, 153, 0, 0, 4, 5, 5, 10
588, 23, 153, 0, 0, 3, 5, 6, 10
589, 23, 153, 0, 0, 2, 5, 7, 10
590, 23, 153, 0, 0, 2, 5, 7, 10
591, 23, 153, 0, 0, 2, 5, 7, 10
592, 23, 153, 0, 0, 2, 5, 7, 10
593, 23, 153, 0, 0, 2, 5, 7, 10
594, 23, 153, 0, 0, 2, 5, 7, 10
595, 23, 153, 0, 0, 2, 5, 7, 10
596, 23, 153, 0, 0, 2, 5, 7, 10
597, 23, 152, 0, 0, 3, 5, 7, 10
598, 23, 152, 0, 0, 3, 5, 7, 10
599, 23, 152, 0, 0, 3, 5, 7, 10
600, 23, 152, 0, 0, 3, 5, 7, 10
601, 23, 152, 0, 0, 3, 5, 7, 10
602, 23, 152, 0, 0, 3, 5, 7, 10
603, 23, 152, 0, 0, 3, 5, 7, 10
604, 23, 152, 0, 0, 3, 4, 7, 11
605, 23, 152, 0, 0, 3, 4, 7, 11
606, 23, 152, 0, 0, 3, 4, 7, 11
607, 22, 152, 0, 0, 4, 4, 7, 11
608, 22, 152, 0, 0, 4, 4, 7, 11
609, 22, 151, 0, 0, 4, 5, 7, 11
610, 22, 151, 0, 0, 4, 5, 7, 11
611, 22, 151, 0, 0, 4, 5, 7, 11
612, 22, 151, 0, 0, 4, 5, 7, 11
613, 22, 151, 0, 0, 4, 5, 7, 11
614, 22, 151, 0, 0, 4, 5, 7, 11
615, 22, 151, 0, 0, 4, 5, 7, 11
616, 22, 151, 0, 0, 4, 5, 7, 11
617, 22, 151, 0, 0, 4, 5, 7, 11
618, 22, 151, 0, 0, 4, 5, 7, 11
619, 22, 151, 0, 0, 4, 5, 7, 11
620, 22, 151, 0, 0, 4, 4, 7, 12
621, 22, 151, 0, 0, 4, 4, 7, 12
622, 22, 151, 0, 0, 4, 5, 7, 11
623, 22, 151, 0, 0, 4, 5, 7, 11
624, 22, 151, 0, 0, 4, 5, 7, 11
625, 22, 151, 0, 0, 4, 5, 7, 11
626, 21, 151, 0, 0, 5, 5, 7, 11
627, 21, 151, 0, 0, 5, 5, 7, 11
628, 21, 151, 0, 0, 5, 5, 7, 11
629, 21, 151, 0, 0, 5, 4, 7, 12
630, 21, 151, 0, 0, 5, 4, 7, 12
631, 21, 151, 0, 0, 5, 4, 7, 12
632, 21, 151, 0, 0, 5, 4, 7, 12
633, 21, 151, 0, 0, 5, 4, 7, 12
634, 21, 151, 0, 0, 5, 5, 7, 11
635, 21, 151, 0, 0, 5, 5, 7, 11
636, 21, 151, 0, 0, 5, 5, 7, 11
637, 21, 151, 0, 0, 5, 5, 7, 11
638, 21, 151, 0, 0, 5, 6, 6, 11
639, 21, 151, 0, 0, 5, 6, 6, 11
640, 21, 151, 0, 0, 4, 6, 7, 11
641, 21, 151, 0, 0, 4, 6, 7, 11
642, 21, 151, 0, 0, 4, 5, 7, 12
643, 21, 151, 0, 0, 4, 4, 7, 13
644, 21, 151, 0, 0, 4, 4, 7, 13
645, 21, 151, 0, 0, 4, 4, 7, 13
646, 21, 151, 0, 0, 4, 4, 7, 13
647, 21, 151, 0, 0, 4, 4, 7, 13
648, 21, 151, 0, 0, 4, 4, 7, 13
649, 21, 151, 0, 0, 4, 4, 6, 13
650, 21, 151, 0, 0, 4, 4, 6, 13
651, 21, 151, 0, 0, 4, 4, 6, 13
652, 21, 151, 0, 0, 4, 4, 6, 13
653, 20, 151, 0, 0, 5, 5, 6, 12
654, 20, 151, 0, 0, 5, 5, 6, 12
655, 20, 151, 0, 0, 5, 5, 6, 12
656, 20, 151, 0, 0, 5, 5, 6, 12
657, 20, 151, 0, 0, 5, 5, 6, 12
658, 20, 151, 0, 0, 4, 5, 7, 12
659, 20, 151, 0, 0, 4, 5, 7, 12
660, 20, 151, 0, 0, 4, 5, 7, 12
661, 20, 151, 0, 0, 4, 5, 7, 12
662, 20, 151, 0, 0, 5, 5, 7, 11
663, 20, 151, 0, 0, 5, 5, 7, 11
664, 20, 151, 0, 0, 5, 5, 7, 11
665, 20, 151, 0, 0, 5, 5, 7, 11
666, 20, 151, 0, 0, 5, 5, 7, 11
667, 20, 151, 0, 0, 5, 5, 7, 11
668, 20, 151, 0, 0, 4, 5, 8, 11
669, 20, 151, 0, 0, 4, 5, 8, 11
670, 20, 151, 0, 0, 4, 4, 8, 12
671, 20, 151, 0, 0, 4, 4, 8, 12
672, 19, 151, 0, 0, 6, 4, 7, 12
673, 19, 151, 0, 0, 6, 4, 7, 12
674, 19, 151, 0, 0, 6, 4, 7, 12
675, 19, 151, 0, 0, 6, 4, 7, 12
676, 19, 151, 0, 0, 6, 4, 7, 12
677, 19, 151, 0, 0, 6, 4, 7, 12
678, 19, 151, 0, 0, 6, 4, 7, 12
679, 19, 150, 0, 0, 6, 5, 7, 12
680, 19, 150, 0, 0, 6, 6, 7, 11
681, 19, 150, 0, 0, 6, 6, 7, 11
682, 19, 150, 0, 0, 6, 6, 7, 11
683, 19, 150, 0, 0, 6, 5, 7, 12
684, 18, 150, 0, 0, 6, 6, 7, 12
685, 18, 150, 0, 0, 6, 6, 7, 12
686, 18, 150, 0, 0, 6, 6, 7, 12
687, 18, 150, 0, 0, 5, 6, 8, 12
688, 18, 150, 0, 0, 5, 6, 8, 12
689, 18, 150, 0, 0, 5, 6, 8, 12
690, 18, 150, 0, 0, 5, 6, 8, 12
691, 18, 150, 0, 0, 5, 6, 8, 12
692, 18, 150, 0, 0, 5, 6, 8, 12
693, 18, 150, 0, 0, 5, 6, 8, 12
694, 18, 150, 0, 0, 4, 6, 9, 12
695, 18, 150, 0, 0, 4, 5, 9, 13
696, 18, 150, 0, 0, 4, 5, 9, 13
697, 18, 150, 0, 0, 4, 5, 9, 13
698, 18, 150, 0, 0, 4, 5, 9, 13
699, 18, 150, 0, 0, 4, 4, 10, 13
700, 18, 150, 0, 0, 4, 5, 10, 12
701, 18, 150, 0, 0, 4, 5, 10, 12
702, 18, 150, 0, 0, 4, 5, 10, 12
703, 18, 150, 0, 0, 4, 5, 10, 12
704, 18, 150, 0, 0, 4, 5, 10, 12
705, 18, 150, 0, 0, 4, 5, 10, 12
706, 18, 150, 0, 0, 4, 5, 10, 12
707, 18, 150, 0, 0, 5, 5, 10, 11
708, 18, 150, 0, 0, 5, 6, 10, 10
709, 17, 150, 0, 0, 5, 7, 10, 10
710, 17, 150, 0, 0, 5, 8, 11, 9
711, 17, 150, 0, 0, 5, 8, 11, 9
712, 17, 150, 0, 0, 5, 8, 11, 9
713, 17, 150, 0, 0, 5, 8, 11, 9
714, 17, 150, 0, 0, 4, 7, 12, 10
715, 17, 150, 0, 0, 4, 7, 12, 10
716, 17, 150, 0, 0, 5, 7, 11, 10
717, 17, 150, 0, 0, 5, 7, 11, 10
718, 17, 150, 0, 0, 5, 7, 11, 10
719, 17, 150, 0, 0, 5, 7, 11, 10
720, 17, 150, 0, 0, 5, 7, 11, 10
721, 17, 150, 0, 0, 5, 7, 11, 10
722, 17, 150, 0, 0, 5, 7, 11, 10
723, 17, 150, 0, 0, 4, 7, 11, 11
724, 17, 150, 0, 0, 4, 7, 11, 11
725, 17, 150, 0, 0, 4, 7, 11, 11
726, 17, 150, 0, 0, 4, 7, 11, 11
727, 17, 150, 0, 0, 4, 7, 11, 10
728, 17, 150, 0, 0, 4, 7, 11, 10
729, 17, 150, 0, 0, 5, 7, 11, 9
730, 17, 150, 0, 0, 5, 7, 11, 9
731, 17, 150, 0, 0, 5, 7, 11, 9
732, 17, 150, 0, 0, 5, 8, 11, 8
733, 17, 150, 0, 0, 3, 8, 13, 8
734, 17, 150, 0, 0, 3, 8, 13, 7
735, 17, 150, 0, 0, 3, 8, 13, 7
736, 17, 150, 0, 0, 3, 8, 13, 7
737, 17, 150, 0, 0, 3, 8, 13, 7
738, 17, 150, 0, 0, 3, 8, 13, 7
739, 17, 150, 0, 0, 3, 8, 13, 7
740, 17, 150, 0, 0, 4, 8, 12, 7
741, 17, 150, 0, 0, 4, 7, 12, 8
742, 17, 150, 0, 0, 4, 7, 12, 8
743, 17, 150, 0, 0, 4, 7, 12, 8
744, 17, 150, 0, 0, 4, 7, 12, 8
745, 17, 150, 0, 0, 4, 6, 12, 9
746, 17, 150, 0, 0, 4, 6, 12, 9
747, 17, 150, 0, 0, 4, 6, 12, 9
748, 17, 150, 0, 0, 4, 6, 12, 9
749, 17, 150, 0, 0, 4, 6, 12, 9
750, 17, 150, 0, 0, 4, 6, 12, 9
751, 17, 150, 0, 0, 4, 6, 12, 9
752, 17, 150, 0, 0, 4, 6, 12, 9
753, 17, 150, 0, 0, 4, 6, 12, 9
754, 17, 150, 0, 0, 4, 6, 12, 9
755, 17, 150, 0, 0, 4, 6, 12, 9
756, 17, 150, 0, 0, 4, 6, 12, 9
757, 17, 150, 0, 0, 4, 6, 12, 9
758, 17, 150, 0, 0, 4, 6, 12, 9
759, 17, 150, 0, 0, 5, 6, 11, 9
760, 17, 150, 0, 0, 5, 6, 11, 9
761, 17, 150, 0, 0, 5, 5, 11, 10
762, 17, 150, 0, 0, 5, 6, 10, 10
763, 17, 150, 0, 0, 5, 6, 10, 10
764, 17, 150, 0, 0, 5, 6, 10, 10
765, 17, 150, 0, 0, 5, 6, 10, 10
766, 17, 150, 0, 0, 5, 6, 10, 10
767, 17, 150, 0, 0, 5, 6, 10, 10
768, 17, 150, 0, 0, 4, 6, 11, 10
769, 17, 150, 0, 0, 4, 5, 11, 11
770, 18, 150, 0, 0, 4, 4, 11, 11
771, 18, 150, 0, 0, 4, 3, 11, 12
772, 18, 150, 0, 0, 4, 3, 11, 12
773, 18, 150, 0, 0, 4, 3, 11, 12
774, 18, 150, 0, 0, 4, 3, 11, 12
775, 18, 150, 0, 0, 4, 3, 11, 12
776, 18, 150, 0, 0, 4, 3, 11, 12
777, 18, 150, 0, 0, 3, 3, 12, 12
778, 18, 150, 0, 0, 3, 3, 12, 12
779, 18, 150, 0, 0, 3, 3, 12, 12
780, 18, 150, 0, 0, 4, 4, 11, 11
781, 18, 150, 0, 0, 4, 4, 11, 11
782, 18, 150, 0, 0, 4, 4, 11, 11
783, 18, 150, 0, 0, 4, 4, 11, 11
784, 18, 150, 0, 0, 4, 4, 11, 11
785, 18, 150, 0, 0, 4, 4, 11, 11
786, 18, 150, 0, 0, 4, 4, 11, 11
787, 18, 150, 0, 0, 4, 4, 11, 11
788, 18, 150, 0, 0, 4, 4, 11, 12
789, 18, 150, 0, 0, 4, 4, 11, 12
790, 18, 150, 0, 0, 3, 4, 11, 13
791, 18, 150, 0, 0, 3, 4, 11, 13
792, 18, 150, 0, 0, 3, 4, 11, 13
793, 18, 150, 0, 0, 3, 3, 11, 14
794, 18, 150, 0, 0, 3, 3, 11, 14
795, 18, 150, 0, 0, 3, 3, 11, 15
796, 18, 150, 0, 0, 3, 3, 11, 15
797, 18, 150, 0, 0, 3, 3, 11, 15
798, 18, 150, 0, 0, 3, 3, 11, 15
799, 18, 150, 0, 0, 4, 3, 10, 15
800, 18, 150, 0, 0, 5, 3, 9, 15
801, 18, 150, 0, 0, 4, 3, 10, 15
802, 18, 150, 0, 0, 4, 2, 10, 16
803, 18, 150, 0, 0, 4, 2, 10, 16
804, 18, 150, 0, 0, 4, 2, 10, 16
805, 18, 150, 0, 0, 4, 2, 10, 16
806, 18, 150, 0, 0, 4, 2, 10, 16
807, 18, 150, 0, 0, 4, 2, 10, 16
808, 18, 150, 0, 0, 4, 2, 10, 16
809, 18, 150, 0, 0, 4, 2, 10, 16
810, 18, 150, 0, 0, 4, 2, 10, 16
811, 18, 150, 0, 0, 4, 2, 10, 16
812, 18, 150, 0, 0, 4, 2, 10, 16
813, 18, 150, 0, 0, 4, 2, 10, 16
814, 18, 150, 0, 0, 4, 2, 10, 16
815, 18, 150, 0, 0, 4, 2, 10, 16
816, 18, 150, 0, 0, 4, 2, 10, 16
817, 18, 150, 0, 0, 4, 2, 10, 16
818, 18, 150, 0, 0, 4, 2, 10, 16
819, 18, 150, 0, 0, 4, 2, 10, 16
820, 18, 150, 0, 0, 3, 2, 11, 16
821, 18, 150, 0, 0, 4, 2, 10, 16
822, 18, 150, 0, 0, 4, 3, 10, 15
823, 18, 150, 0, 0, 4, 2, 11, 15
824, 18, 150, 0, 0, 4, 2, 11, 15
825, 18, 150, 0, 0, 4, 2, 11, 15
826, 18, 150, 0, 0, 4, 4, 10, 14
827, 18, 150, 0, 0, 4, 4, 10, 14
828, 18, 150, 0, 0, 4, 4, 10, 14
829, 18, 150, 0, 0, 4, 4, 10, 14
830, 18, 150, 0, 0, 4, 4, 10, 14
831, 18, 150, 0, 0, 4, 4, 10, 14
832, 18, 150, 0, 0, 4, 4, 10, 14
833, 18, 150, 0, 0, 4, 4, 10, 14
834, 18, 150, 0, 0, 4, 4, 10, 14
835, 17, 150, 0, 0, 4, 5, 10, 14
836, 17, 150, 0, 0, 4, 5, 10, 14
837, 17, 150, 0, 0, 5, 5, 10, 13
838, 17, 150, 0, 0, 5, 5, 10, 13
839, 17, 150, 0, 0, 5, 5, 10, 13
840, 17, 150, 0, 0, 5, 6, 9, 13
841, 17, 150, 0, 0, 4, 5, 10, 14
842, 17, 150, 0, 0, 4, 6, 10, 13
843, 17, 150, 0, 0, 4, 6, 10, 13
844, 17, 150, 0, 0, 4, 6, 10, 13
845, 17, 150, 0, 0, 4, 6, 10, 13
846, 17, 150, 0, 0, 4, 6, 10, 13
847, 17, 150, 0, 0, 4, 6, 10, 13
848, 17, 150, 0, 0, 5, 6, 9, 13
849, 17, 150, 0, 0, 5, 6, 9, 13
850, 17, 150, 0, 0, 6, 6, 8, 13
851, 17, 150, 0, 0, 6, 6, 8, 13
852, 17, 150, 0, 0, 6, 6, 8, 13
853, 17, 150, 0, 0, 6, 6, 8, 13
854, 17, 150, 0, 0, 6, 6, 8, 13
855, 17, 150, 0, 0, 6, 6, 8, 13
856, 17, 150, 0, 0, 6, 6, 8, 13
857, 17, 150, 0, 0, 6, 7, 8, 12
858, 17, 150, 0, 0, 6, 7, 8, 12
859, 17, 150, 0, 0, 6, 7, 8, 12
860, 17, 150, 0, 0, 5, 7, 9, 12
861, 17, 150, 0, 0, 4, 7, 10, 12
862, 17, 150, 0, 0, 4, 7, 10, 12
863, 17, 150, 0, 0, 4, 7, 10, 12
864, 17, 150, 0, 0, 4, 7, 10, 12
865, 17, 150, 0, 0, 4, 7, 10, 12
866, 17, 150, 0, 0, 4, 7, 10, 12
867, 17, 150, 0, 0, 4, 7, 10, 12
868, 17, 150, 0, 0, 4, 7, 10, 12
869, 17, 150, 0, 0, 5, 7, 10, 11
870, 17, 150, 0, 0, 5, 7, 10, 11
871, 17, 150, 0, 0, 5, 7, 10, 11
872, 17, 150, 0, 0, 5, 7, 10, 11
873, 17, 150, 0, 0, 5, 7, 10, 11
874, 17, 150, 0, 0, 5, 7, 10, 11
875, 17, 150, 0, 0, 5, 7, 10, 11
876, 17, 150, 0, 0, 5, 7, 10, 11
877, 17, 150, 0, 0, 5, 7, 10, 11
878, 17, 150, 0, 0, 5, 7, 10, 11
879, 17, 150, 0, 0, 5, 7, 10, 11
880, 17, 150, 0, 0, 5, 7, 10, 11
881, 17, 150, 0, 0, 5, 7, 10, 11
882, 17, 150, 0, 0, 4, 7, 11, 11
883, 17, 150, 0, 0, 4, 6, 11, 12
884, 17, 150, 0, 0, 4, 6, 11, 12
885, 17, 150, 0, 0, 4, 8, 11, 10
886, 17, 150, 0, 0, 4, 8, 11, 10
887, 17, 150, 0, 0, 4, 6, 12, 11
888, 17, 150, 0, 0, 4, 7, 11, 11
889, 17, 150, 0, 0, 4, 7, 11, 11
890, 17, 150, 0, 0, 4, 7, 11, 11
891, 17, 150, 0, 0, 4, 7, 10, 11
892, 17, 150, 0, 0, 5, 7, 9, 11
893, 17, 150, 0, 0, 5, 8, 8, 11
894, 17, 150, 0, 0, 5, 8, 8, 11
895, 17, 150, 0, 0, 5, 7, 8, 12
896, 17, 150, 0, 0, 5, 7, 8, 12
897, 17, 150, 0, 0, 5, 7, 8, 12
898, 17, 150, 0, 0, 4, 7, 9, 12
899, 17, 150, 0, 0, 4, 7, 9, 12
900, 17, 150, 0, 0, 4, 7, 9, 12
901, 17, 150, 0, 0, 4, 6, 10, 12
902, 17, 150, 0, 0, 4, 6, 10, 12
903, 17, 150, 0, 0, 4, 5, 10, 13
904, 17, 150, 0, 0, 4, 5, 10, 13
905, 17, 150, 0, 0, 4, 5, 10, 13
906, 17, 150, 0, 0, 4, 5, 10, 13
907, 17, 150, 0, 0, 4, 5, 10, 13
908, 17, 150, 0, 0, 3, 5, 11, 13
909, 17, 150, 0, 0, 3, 5, 11, 13
910, 17, 150, 0, 0, 3, 5, 11, 13
911, 17, 150, 0, 0, 2, 5, 12, 13
912, 17, 150, 0, 0, 2, 5, 12, 13
913, 17, 150, 0, 0, 2, 5, 12, 13
914, 17, 150, 0, 0, 2, 5, 12, 13
915, 17, 150, 0, 0, 2, 5, 12, 13
916, 17, 150, 0, 0, 2, 5, 12, 13
917, 17, 150, 0, 0, 2, 5, 12, 13
918, 17, 150, 0, 0, 2, 4, 12, 14
919, 17, 150, 0, 0, 2, 4, 12, 14
920, 17, 150, 0, 0, 2, 4, 12, 14
921, 17, 150, 0, 0, 2, 4, 12, 14
922, 17, 150, 0, 0, 2, 4, 12, 14
923, 17, 150, 0, 0, 2, 4, 12, 14
924, 17, 150, 0, 0, 2, 4, 12, 14
925, 17, 150, 0, 0, 2, 5, 12, 13
926, 17, 150, 0, 0, 2, 5, 12, 13
927, 17, 150, 0, 0, 2, 5, 12, 13
928, 17, 150, 0, 0, 2, 5, 12, 13
929, 17, 150, 0, 0, 2, 5, 12, 13
930, 17, 150, 0, 0, 1, 5, 13, 13
931, 17, 150, 0, 0, 1, 5, 13, 13
932, 17, 150, 0, 0, 1, 5, 13, 13
933, 17, 150, 0, 0, 1, 5, 13, 13
934, 17, 150, 0, 0, 1, 5, 13, 13
935, 17, 150, 0, 0, 1, 5, 13, 13
936, 17, 150, 0, 0, 1, 6, 13, 12
937, 17, 150, 0, 0, 1, 6, 13, 12
938, 17, 150, 0, 0, 1, 7, 12, 12
939, 17, 150, 0, 0, 1, 7, 12, 12
940, 17, 150, 0, 0, 1, 7, 12, 12
941, 17, 150, 1, 0, 1, 7, 11, 12
942, 17, 150, 1, 0, 1, 7, 11, 12
943, 17, 150, 1, 0, 1, 7, 11, 12
944, 17, 150, 1, 0, 1, 7, 11, 12
945, 17, 150, 1, 0, 1, 7, 11, 12
946, 17, 150, 1, 0, 1, 5, 11, 14
947, 17, 150, 1, 0, 2, 5, 11, 13
948, 17, 150, 1, 0, 2, 5, 11, 13
949, 17, 150, 1, 0, 2, 4, 11, 14
950, 17, 150, 1, 0, 2, 5, 11, 13
951, 17, 150, 1, 0, 2, 5, 11, 13
952, 17, 150, 1, 0, 3, 6, 12, 11
953, 17, 150, 1, 0, 2, 6, 13, 11
954, 17, 150, 1, 0, 2, 5, 14, 11
955, 17, 150, 1, 0, 2, 5, 14, 11
956, 17, 150, 1, 0, 2, 6, 13, 11
957, 17, 150, 1, 0, 2, 6, 13, 11
958, 17, 150, 1, 0, 2, 6, 13, 11
959, 17, 150, 1, 0, 2, 6, 13, 11
960, 17, 150, 1, 0, 2, 6, 13, 11
961, 17, 150, 1, 0, 2, 6, 13, 11
962, 17, 150, 1, 0, 2, 6, 13, 11
963, 17, 150, 1, 0, 2, 6, 13, 11
964, 17, 150, 1, 0, 2, 6, 13, 11
965, 17, 150, 1, 0, 2, 7, 12, 11
966, 17, 150, 1, 0, 2, 7, 12, 11
967, 17, 150, 1, 0, 2, 7, 12, 11
968, 16, 150, 1, 0, 2, 8, 12, 11
969, 16, 150, 1, 0, 2, 8, 12, 11
970, 16, 150, 1, 0, 2, 8, 12, 11
971, 16, 150, 1, 0, 2, 8, 12, 11
972, 16, 150, 1, 0, 2, 8, 12, 11
973, 16, 150, 1, 0, 2, 8, 12, 11
974, 16, 150, 1, 0, 2, 8, 12, 11
975, 16, 150, 1, 0, 2, 8, 12, 11
976, 16, 150, 1, 0, 2, 9, 11, 11
977, 16, 150, 1, 0, 2, 9, 11, 11
978, 16, 150, 1, 0, 2, 9, 11, 11
979, 16, 150, 1, 0, 2, 9, 11, 11
980, 16, 150, 1, 0, 2, 9, 11, 11
981, 16, 150, 1, 0, 2, 9, 11, 11
982, 16, 150, 1, 0, 3, 9, 10, 11
983, 16, 150, 1, 0, 3, 9, 10, 11
984, 16, 150, 1, 0, 3, 10, 9, 11
985, 16, 150, 1, 0, 3, 10, 9, 11
986, 16, 150, 1, 0, 3, 9, 9, 12
987, 16, 150, 1, 0, 3, 9, 9, 12
988, 16, 150, 1, 0, 3, 9, 9, 12
989, 16, 150, 1, 0, 3, 9, 9, 12
990, 15, 150, 1, 0, 3, 10, 9, 12
991, 15, 150, 1, 0, 3, 10, 9, 12
992, 15, 150, 1, 0, 3, 10, 9, 12
993, 15, 150, 1, 0, 3, 10, 9, 12
994, 15, 150, 1, 0, 3, 10, 9, 12
995, 15, 150, 1, 0, 3, 12, 9, 10
996, 15, 150, 1, 0, 3, 12, 9, 10
997, 15, 150, 1, 0, 3, 11, 9, 11
998, 14, 150, 1, 0, 4, 11, 9, 11
999, 14, 150, 1, 0, 4, 11, 9, 11
1000, 14, 149, 1, 0, 4, 11, 9, 11
1001, 14, 149, 1, 0, 4, 11, 9, 11
1002, 14, 149, 1, 0, 4, 11, 9, 11
1003, 14, 149, 1, 0, 4, 11, 9, 11
1004, 14, 149, 1, 0, 4, 11, 9, 11
1005, 14, 149, 1, 0, 4, 11, 9, 11
1006, 14, 148, 1, 0, 4, 11, 9, 11
1007, 14, 148, 1, 0, 4, 11, 9, 11
1008, 14, 147, 1, 0, 3, 11, 9, 12
1009, 14, 147, 1, 0, 3, 11, 9, 12
1010, 14, 147, 1, 0, 3, 11, 9, 12
1011, 14, 147, 1, 0, 3, 10, 9, 13
1012, 14, 147, 1, 0, 3, 10, 9, 13
1013, 14, 147, 1, 0, 2, 9, 10, 14
1014, 14, 147, 1, 0, 2, 9, 10, 14
1015, 14, 147, 0, 0, 2, 9, 10, 14
1016, 14, 146, 0, 0, 2, 9, 10, 14
1017, 14, 146, 0, 0, 2, 8, 11, 14
1018, 14, 146, 0, 0, 2, 8, 11, 14
1019, 14, 146, 0, 0, 2, 8, 11, 14
1020, 14, 146, 0, 0, 2, 8, 11, 14
1021, 14, 145, 0, 0, 2, 8, 11, 14
1022, 14, 145, 0, 0, 2, 8, 11, 14
1023, 14, 145, 0, 0, 2, 8, 11, 14
1024, 14, 145, 0, 0, 2, 8, 11, 14
1025, 14, 145, 0, 0, 2, 8, 11, 14
1026, 14, 145, 0, 0, 2, 7, 12, 14
1027, 14, 145, 0, 0, 2, 7, 12, 14
1028, 14, 144, 0, 0, 2, 7, 12, 14
1029, 14, 144, 0, 0, 2, 6, 12, 15
1030, 14, 144, 0, 0, 2, 6, 12, 15
1031, 14, 144, 0, 0, 2, 6, 12, 15
1032, 14, 144, 0, 0, 2, 6, 12, 15
1033, 14, 143, 0, 0, 3, 6, 11, 15
1034, 14, 143, 0, 0, 3, 6, 11, 15
1035, 14, 142, 0, 1, 3, 6, 11, 14
1036, 14, 142, 0, 1, 3, 6, 11, 14
1037, 14, 142, 0, 1, 3, 5, 12, 14
1038, 14, 142, 0, 2, 3, 5, 12, 14
1039, 14, 142, 0, 2, 3, 5, 12, 14
1040, 14, 142, 0, 3, 4, 6, 10, 13
1041, 14, 142, 0, 4, 4, 6, 10, 13
1042, 14, 142, 0, 4, 4, 6, 10, 13
1043, 14, 142, 0, 4, 3, 6, 11, 14
1044, 14, 141, 0, 4, 3, 5, 11, 16
1045, 14, 141, 0, 4, 3, 5, 11, 16
1046, 14, 141, 0, 4, 3, 5, 11, 16
1047, 14, 141, 0, 4, 3, 5, 11, 16
1048, 14, 141, 0, 4, 3, 5, 11, 16
1049, 14, 141, 0, 4, 4, 6, 9, 16
1050, 14, 141, 0, 4, 4, 6, 9, 16
1051, 15, 141, 0, 4, 4, 5, 9, 16
1052, 15, 141, 0, 4, 4, 5, 9, 16
1053, 15, 141, 0, 4, 4, 5, 9, 16
1054, 15, 141, 0, 4, 4, 5, 9, 16
1055, 15, 141, 0, 4, 6, 5, 8, 15
1056, 15, 141, 0, 4, 6, 3, 8, 17
1057, 15, 141, 0, 5, 6, 3, 8, 16
1058, 15, 141, 0, 5, 6, 3, 8, 16
1059, 15, 141, 0, 5, 5, 3, 9, 16
1060, 15, 141, 0, 6, 5, 2, 9, 17
1061, 15, 141, 0, 6, 5, 3, 8, 17
1062, 15, 141, 0, 8, 5, 3, 8, 15
1063, 15, 141, 0, 8, 5, 3, 8, 15
1064, 15, 141, 0, 8, 5, 3, 8, 15
1065, 15, 140, 0, 8, 5, 3, 8, 17
1066, 15, 140, 0, 8, 5, 3, 8, 17
1067, 15, 140, 0, 8, 5, 3, 8, 17
1068, 15, 138, 0, 8, 5, 3, 8, 17
1069, 15, 138, 0, 9, 5, 3, 8, 16
1070, 15, 138, 0, 9, 5, 3, 8, 16
1071, 15, 138, 0, 9, 5, 3, 8, 16
1072, 15, 138, 0, 9, 5, 3, 8, 16
1073, 15, 138, 0, 9, 6, 3, 7, 16
1074, 15, 138, 0, 9, 6, 3, 7, 16
1075, 15, 138, 0, 10, 6, 3, 7, 15
1076, 15, 138, 0, 10, 6, 3, 7, 15
1077, 15, 137, 0, 11, 6, 3, 7, 14
1078, 15, 137, 0, 11, 6, 3, 7, 15
1079, 15, 136, 0, 11, 6, 3, 7, 15
1080, 15, 136, 0, 11, 6, 3, 7, 15
1081, 15, 135, 0, 11, 6, 3, 7, 15
1082, 15, 135, 0, 11, 6, 3, 7, 15
1083, 15, 135, 0, 11, 6, 3, 7, 15
1084, 15, 133, 0, 11, 6, 3, 7, 15
1085, 15, 132, 0, 11, 6, 3, 7, 15
1086, 15, 132, 0, 11, 6, 3, 7, 15
1087, 15, 132, 0, 11, 6, 3, 7, 15
1088, 15, 132, 0, 11, 6, 3, 6, 15
1089, 15, 132, 0, 11, 6, 3, 6, 15
1090, 15, 132, 0, 11, 6, 3, 6, 15
1091, 15, 132, 0, 12, 6, 3, 6, 14
1092, 15, 132, 0, 12, 6, 3, 6, 14
1093, 15, 132, 0, 12, 6, 3, 6, 14
1094, 15, 132, 0, 12, 5, 3, 7, 14
1095, 15, 132, 0, 12, 5, 3, 7, 14
1096, 15, 131, 0, 12, 5, 3, 7, 14
1097, 15, 131, 0, 12, 5, 3, 7, 14
1098, 15, 131, 0, 12, 5, 3, 7, 14
1099, 15, 131, 0, 12, 5, 3, 7, 14
1100, 15, 130, 0, 15, 5, 3, 7, 11
1101, 15, 130, 0, 15, 4, 2, 9, 11
1102, 15, 130, 0, 15, 5, 2, 8, 11
1103, 15, 130, 0, 15, 5, 2, 8, 13
1104, 15, 130, 0, 15, 5, 2, 8, 13
1105, 15, 130, 0, 15, 5, 2, 8, 13
1106, 15, 130, 0, 15, 5, 2, 8, 13
1107, 15, 130, 0, 15, 5, 2, 8, 13
1108, 15, 130, 0, 16, 5, 2, 8, 12
1109, 15, 130, 0, 16, 5, 2, 8, 12
1110, 15, 130, 0, 16, 4, 1, 10, 12
1111, 15, 130, 0, 17, 5, 1, 9, 12
1112, 15, 130, 0, 17, 5, 1, 9, 12
1113, 15, 130, 0, 18, 5, 1, 9, 11
1114, 15, 130, 0, 18, 5, 1, 9, 12
1115, 15, 130, 0, 18, 5, 1, 9, 12
1116, 15, 130, 0, 18, 3, 1, 10, 13
1117, 15, 130, 0, 18, 3, 1, 10, 13
1118, 15, 130, 0, 18, 3, 2, 9, 13
1119, 15, 130, 0, 18, 3, 2, 9, 13
1120, 15, 130, 0, 18, 3, 2, 9, 13
1121, 15, 130, 0, 18, 3, 2, 9, 13
1122, 15, 130, 0, 18, 3, 1, 9, 14
1123, 15, 130, 0, 19, 3, 1, 9, 13
1124, 15, 130, 0, 19, 3, 1, 9, 13
1125, 15, 130, 0, 20, 3, 1, 9, 12
1126, 15, 130, 0, 21, 4, 1, 9, 12
1127, 15, 129, 0, 21, 4, 1, 9, 12
1128, 15, 129, 0, 21, 4, 1, 9, 13
1129, 15, 129, 0, 21, 4, 1, 9, 14
1130, 15, 129, 0, 21, 4, 1, 9, 14
1131, 15, 128, 0, 21, 4, 1, 9, 14
1132, 15, 128, 0, 21, 4, 1, 9, 14
1133, 15, 128, 0, 21, 3, 1, 10, 14
1134, 15, 128, 0, 21, 3, 1, 10, 14
1135, 15, 128, 0, 21, 3, 1, 9, 14
1136, 15, 128, 0, 21, 3, 1, 9, 14
1137, 15, 128, 0, 21, 3, 1, 9, 14
1138, 15, 127, 0, 21, 3, 1, 9, 14
1139, 15, 126, 0, 22, 3, 1, 9, 13
1140, 15, 126, 0, 22, 3, 1, 9, 13
1141, 15, 126, 0, 22, 3, 1, 9, 12
1142, 15, 126, 0, 22, 3, 1, 9, 13
1143, 15, 126, 0, 22, 3, 1, 9, 13
1144, 15, 126, 0, 22, 3, 1, 9, 13
1145, 14, 126, 0, 22, 3, 2, 8, 13
1146, 14, 126, 0, 22, 3, 2, 8, 13
1147, 14, 126, 0, 21, 3, 2, 8, 15
1148, 14, 124, 0, 21, 3, 2, 8, 15
1149, 14, 124, 0, 22, 3, 2, 8, 14
1150, 14, 124, 0, 22, 3, 2, 8, 14
1151, 14, 124, 0, 22, 3, 2, 8, 14
1152, 14, 123, 0, 22, 3, 2, 8, 15
1153, 14, 123, 0, 22, 3, 2, 8, 15
1154, 14, 123, 0, 23, 3, 2, 8, 14
1155, 14, 123, 0, 23, 3, 2, 8, 14
1156, 14, 122, 0, 24, 3, 2, 8, 13
1157, 14, 122, 0, 24, 3, 2, 8, 13
1158, 14, 122, 0, 24, 3, 2, 8, 13
1159, 14, 122, 0, 24, 3, 2, 8, 14
1160, 14, 122, 0, 24, 3, 2, 8, 14
1161, 14, 122, 0, 24, 3, 2, 8, 14
1162, 14, 122, 0, 24, 4, 2, 7, 14
1163, 14, 122, 0, 25, 3, 2, 8, 13
1164, 14, 122, 0, 25, 3, 2, 8, 13
1165, 14, 122, 0, 25, 3, 2, 8, 13
1166, 14, 122, 0, 25, 3, 2, 8, 14
1167, 14, 121, 0, 26, 3, 2, 8, 13
1168, 14, 121, 0, 27, 3, 2, 8, 12
1169, 14, 121, 0, 26, 3, 2, 8, 14
1170, 14, 120, 0, 27, 3, 2, 8, 14
1171, 14, 120, 0, 28, 3, 2, 8, 14
1172, 14, 120, 0, 28, 2, 2, 9, 14
1173, 14, 119, 0, 28, 2, 2, 9, 14
1174, 14, 119, 0, 29, 2, 2, 9, 14
1175, 14, 119, 0, 29, 2, 2, 9, 14
1176, 14, 119, 0, 29, 2, 2, 9, 14
1177, 14, 118, 0, 30, 2, 2, 9, 13
1178, 14, 118, 0, 31, 2, 2, 9, 12
1179, 14, 118, 0, 31, 2, 1, 10, 12
1180, 14, 118, 0, 32, 2, 1, 10, 12
1181, 14, 118, 0, 32, 2, 1, 10, 13
1182, 14, 118, 0, 33, 2, 1, 10, 12
1183, 14, 117, 0, 33, 2, 1, 10, 12
1184, 14, 117, 0, 33, 2, 1, 10, 12
1185, 14, 117, 0, 33, 2, 1, 10, 13
1186, 14, 117, 0, 33, 2, 1, 10, 13
1187, 14, 117, 0, 33, 2, 1, 10, 13
1188, 14, 117, 0, 33, 2, 1, 10, 13
1189, 14, 117, 0, 33, 3, 1, 9, 13
1190, 14, 116, 0, 33, 3, 1, 9, 13
1191, 14, 116, 0, 33, 2, 1, 10, 13
1192, 14, 116, 0, 33, 2, 1, 10, 13
1193, 14, 116, 0, 33, 3, 1, 9, 13
1194, 14, 116, 0, 34, 3, 1, 9, 12
1195, 14, 116, 0, 33, 3, 1, 9, 14
1196, 14, 115, 0, 34, 3, 1, 8, 13
1197, 14, 114, 0, 35, 3, 1, 8, 12
1198, 14, 113, 0, 35, 4, 1, 7, 12
1199, 14, 113, 0, 35, 4, 1, 7, 13
1200, 14, 113, 0, 35, 4, 1, 7, 14
1201, 14, 113, 0, 35, 4, 1, 7, 14
1202, 14, 113, 0, 35, 4, 1, 7, 15
1203, 14, 112, 0, 35, 4, 1, 6, 15
1204, 14, 112, 0, 35, 4, 1, 6, 15
1205, 14, 111, 0, 35, 4, 1, 6, 15
1206, 15, 111, 0, 35, 4, 0, 6, 15
1207, 15, 110, 0, 35, 4, 0, 6, 15
1208, 15, 110, 0, 35, 4, 0, 5, 15
1209, 15, 110, 0, 35, 4, 0, 5, 15
1210, 15, 110, 0, 35, 4, 0, 5, 15
1211, 15, 110, 0, 36, 4, 0, 5, 14
1212, 15, 110, 0, 36, 4, 0, 5, 14
1213, 15, 110, 0, 36, 5, 0, 4, 14
1214, 15, 110, 0, 36, 5, 0, 4, 15
1215, 15, 110, 0, 36, 5, 0, 4, 15
1216, 15, 110, 0, 36, 5, 0, 4, 15
1217, 15, 110, 0, 35, 5, 0, 4, 15
1218, 15, 110, 0, 35, 5, 0, 4, 15
1219, 15, 110, 0, 36, 5, 0, 4, 14
1220, 15, 110, 0, 36, 5, 0, 4, 14
1221, 15, 110, 0, 36, 5, 0, 4, 14
1222, 15, 110, 0, 37, 5, 0, 4, 14
1223, 15, 109, 0, 37, 4, 0, 5, 14
1224, 15, 109, 0, 39, 4, 0, 5, 12
1225, 15, 109, 0, 39, 4, 0, 5, 13
1226, 15, 108, 0, 40, 4, 0, 5, 12
1227, 15, 108, 0, 40, 4, 0, 5, 14
1228, 15, 108, 0, 40, 4, 0, 5, 14
1229, 15, 106, 0, 40, 4, 0, 5, 16
1230, 15, 106, 0, 40, 4, 0, 5, 16
1231, 15, 106, 0, 41, 4, 0, 5, 15
1232, 15, 106, 0, 42, 4, 0, 5, 15
1233, 15, 106, 0, 42, 4, 0, 5, 15
1234, 15, 106, 0, 42, 4, 0, 5, 16
1235, 15, 106, 0, 42, 4, 0, 5, 17
1236, 15, 106, 0, 43, 4, 0, 5, 16
1237, 15, 106, 0, 43, 4, 0, 5, 16
1238, 15, 106, 0, 43, 4, 0, 5, 16
1239, 15, 105, 0, 44, 4, 0, 5, 16
1240, 15, 105, 0, 44, 4, 0, 5, 16
1241, 15, 105, 0, 44, 4, 0, 5, 16
1242, 15, 105, 1, 44, 4, 0, 4, 16
1243, 15, 105, 1, 44, 4, 0, 4, 16
1244, 15, 105, 1, 44, 4, 0, 4, 16
1245, 15, 104, 1, 44, 4, 0, 5, 16
1246, 15, 104, 1, 44, 4, 0, 5, 16
1247, 15, 104, 1, 45, 4, 0, 5, 15
1248, 15, 104, 1, 45, 4, 0, 5, 15
1249, 15, 104, 1, 45, 4, 0, 5, 15
1250, 15, 103, 1, 45, 3, 0, 6, 15
1251, 15, 103, 1, 45, 3, 0, 6, 15
1252, 15, 103, 1, 46, 3, 0, 6, 14
1253, 15, 103, 1, 46, 2, 0, 7, 14
1254, 15, 103, 1, 46, 2, 0, 7, 14
1255, 15, 103, 1, 47, 2, 0, 7, 14
1256, 15, 103, 1, 46, 2, 0, 7, 16
1257, 15, 101, 1, 46, 2, 0, 8, 16
1258, 15, 99, 1, 46, 2, 0, 8, 16
1259, 15, 98, 1, 46, 1, 0, 9, 16
1260, 15, 97, 1, 46, 1, 0, 9, 16
1261, 15, 97, 1, 46, 1, 0, 8, 16
1262, 15, 97, 1, 46, 1, 0, 8, 16
1263, 15, 96, 1, 46, 1, 0, 8, 15
1264, 15, 96, 1, 46, 1, 0, 8, 15
1265, 15, 96, 1, 47, 1, 0, 8, 14
1266, 15, 96, 1, 47, 1, 0, 8, 14
1267, 15, 96, 1, 48, 1, 0, 8, 13
1268, 15, 96, 1, 48, 1, 0, 8, 14
1269, 14, 96, 1, 47, 1, 0, 8, 16
1270, 14, 95, 1, 47, 1, 0, 8, 17
1271, 14, 95, 1, 47, 1, 0, 8, 17
1272, 14, 94, 1, 47, 1, 0, 8, 17
1273, 14, 94, 1, 47, 1, 0, 8, 17
1274, 14, 94, 1, 48, 0, 0, 9, 16
1275, 14, 94, 1, 49, 1, 0, 8, 15
1276, 14, 94, 1, 50, 1, 0, 8, 14
1277, 14, 94, 1, 50, 1, 0, 8, 15
1278, 14, 94, 1, 50, 1, 0, 8, 16
1279, 14, 94, 1, 50, 1, 0, 8, 17
1280, 14, 93, 1, 50, 1, 0, 8, 17
1281, 14, 93, 1, 49, 2, 0, 8, 17
1282, 14, 93, 1, 50, 3, 0, 7, 16
1283, 14, 93, 1, 50, 3, 0, 7, 16
1284, 14, 93, 1, 51, 3, 0, 7, 15
1285, 14, 93, 1, 53, 3, 0, 7, 14
1286, 14, 93, 1, 53, 3, 0, 7, 14
1287, 14, 93, 1, 53, 3, 0, 7, 15
1288, 14, 93, 2, 54, 3, 0, 6, 16
1289, 14, 93, 2, 55, 3, 0, 6, 15
1290, 14, 93, 2, 55, 3, 0, 6, 15
1291, 14, 93, 2, 55, 3, 0, 7, 16
1292, 14, 93, 2, 55, 3, 0, 7, 17
1293, 14, 93, 2, 55, 3, 0, 7, 17
1294, 14, 93, 2, 55, 3, 0, 7, 17
1295, 14, 92, 2, 55, 3, 0, 7, 17
1296, 14, 92, 2, 55, 3, 0, 7, 17
1297, 14, 92, 2, 55, 3, 0, 7, 17
1298, 14, 92, 2, 55, 3, 0, 7, 17
1299, 14, 92, 2, 55, 3, 0, 7, 17
1300, 14, 92, 2, 56, 3, 0, 7, 16
1301, 14, 92, 2, 56, 3, 0, 7, 16
1302, 14, 92, 2, 56, 3, 0, 7, 16
1303, 14, 91, 2, 56, 3, 0, 7, 17
1304, 14, 90, 2, 57, 3, 0, 6, 16
1305, 14, 90, 2, 57, 3, 0, 6, 16
1306, 14, 89, 2, 57, 3, 0, 6, 16
1307, 14, 89, 2, 57, 3, 0, 6, 17
1308, 14, 89, 2, 57, 3, 0, 6, 17
1309, 14, 89, 2, 57, 3, 0, 6, 17
1310, 14, 89, 2, 57, 3, 0, 6, 16
1311, 14, 89, 2, 57, 3, 0, 6, 16
1312, 14, 89, 2, 58, 3, 0, 6, 15
1313, 14, 89, 2, 58, 3, 0, 6, 16
1314, 14, 89, 2, 58, 3, 0, 6, 16
1315, 14, 87, 2, 58, 3, 0, 6, 16
1316, 14, 87, 2, 58, 3, 0, 6, 16
1317, 14, 86, 2, 57, 3, 0, 6, 17
1318, 14, 85, 2, 58, 3, 0, 6, 16
1319, 14, 85, 2, 58, 4, 0, 4, 16
1320, 14, 83, 2, 58, 4, 0, 4, 16
1321, 14, 83, 2, 57, 4, 0, 4, 19
1322, 14, 81, 2, 57, 4, 0, 4, 19
1323, 14, 81, 2, 57, 4, 0, 4, 19
1324, 14, 81, 2, 57, 4, 0, 4, 20
1325, 14, 81, 2, 57, 4, 0, 4, 20
1326, 14, 80, 2, 57, 4, 0, 4, 20
1327, 15, 80, 1, 57, 4, 0, 4, 20
1328, 15, 80, 1, 58, 4, 0, 4, 19
1329, 15, 80, 1, 58, 4, 0, 4, 19
1330, 15, 79, 1, 59, 4, 0, 4, 18
1331, 15, 79, 1, 60, 4, 0, 4, 18
1332, 15, 78, 1, 60, 4, 0, 4, 18
1333, 15, 78, 2, 60, 4, 0, 3, 20
1334, 15, 78, 2, 60, 4, 0, 3, 20
1335, 15, 78, 2, 60, 4, 0, 3, 20
1336, 15, 78, 2, 60, 3, 0, 5, 20
1337, 15, 77, 2, 61, 3, 0, 5, 19
1338, 15, 77, 2, 61, 3, 0, 5, 20
1339, 15, 75, 2, 61, 3, 0, 5, 20
1340, 15, 75, 2, 61, 3, 0, 5, 21
1341, 15, 75, 2, 61, 3, 0, 5, 22
1342, 15, 75, 2, 61, 3, 0, 5, 22
1343, 15, 75, 2, 62, 2, 0, 6, 21
1344, 15, 75, 2, 63, 2, 0, 6, 20
1345, 15, 75, 2, 63, 1, 0, 7, 20
1346, 15, 75, 2, 66, 1, 0, 7, 18
1347, 15, 75, 2, 66, 1, 0, 7, 19
1348, 15, 75, 2, 67, 1, 0, 7, 18
1349, 15, 75, 2, 67, 1, 0, 7, 20
1350, 15, 75, 2, 68, 1, 0, 7, 19
1351, 15, 74, 2, 68, 1, 0, 7, 20
1352, 15, 74, 2, 70, 1, 0, 7, 18
1353, 15, 74, 2, 70, 1, 0, 7, 19
1354, 15, 74, 2, 71, 1, 0, 7, 18
1355, 15, 73, 2, 71, 1, 0, 7, 20
1356, 15, 73, 2, 71, 1, 0, 7, 20
1357, 15, 73, 2, 71, 1, 0, 7, 21
1358, 15, 73, 2, 71, 1, 0, 7, 21
1359, 15, 73, 2, 72, 1, 0, 7, 20
1360, 15, 72, 2, 72, 1, 0, 7, 20
1361, 15, 72, 2, 73, 1, 0, 7, 19
1362, 15, 71, 2, 73, 1, 0, 7, 20
1363, 15, 71, 2, 73, 1, 0, 7, 20
1364, 15, 70, 2, 73, 1, 0, 7, 21
1365, 15, 70, 2, 73, 1, 0, 7, 21
1366, 15, 70, 2, 73, 1, 0, 7, 21
1367, 15, 70, 2, 72, 1, 0, 7, 21
1368, 15, 69, 2, 73, 1, 0, 7, 20
1369, 15, 69, 2, 73, 1, 0, 7, 20
1370, 15, 69, 2, 73, 2, 0, 6, 20
1371, 15, 69, 2, 72, 2, 0, 6, 21
1372, 15, 68, 2, 72, 2, 0, 6, 21
1373, 15, 68, 2, 73, 2, 0, 6, 20
1374, 15, 67, 2, 73, 2, 0, 6, 20
1375, 15, 67, 2, 73, 2, 0, 6, 20
1376, 15, 67, 2, 74, 2, 0, 6, 19
1377, 15, 64, 2, 74, 2, 0, 6, 19
1378, 15, 63, 2, 74, 2, 0, 6, 20
1379, 15, 63, 2, 74, 2, 0, 6, 21
1380, 15, 63, 2, 74, 1, 0, 7, 21
1381, 15, 63, 2, 76, 1, 0, 7, 19
1382, 15, 62, 2, 76, 1, 0, 7, 19
1383, 15, 62, 2, 76, 1, 0, 7, 19
1384, 15, 61, 2, 76, 1, 0, 7, 21
1385, 15, 59, 2, 76, 1, 0, 7, 21
1386, 15, 59, 2, 76, 1, 0, 7, 21
1387, 15, 59, 2, 76, 1, 0, 7, 21
1388, 15, 58, 2, 77, 1, 0, 7, 20
1389, 15, 58, 2, 78, 1, 0, 7, 19
1390, 15, 58, 2, 79, 1, 0, 7, 18
1391, 15, 58, 2, 79, 1, 0, 7, 19
1392, 15, 58, 3, 79, 1, 0, 6, 20
1393, 15, 58, 3, 78, 1, 0, 6, 23
1394, 15, 56, 4, 78, 1, 0, 5, 23
1395, 15, 55, 4, 78, 1, 0, 6, 23
1396, 15, 55, 4, 78, 1, 0, 6, 23
1397, 15, 55, 4, 79, 2, 0, 6, 22
1398, 15, 54, 4, 79, 2, 0, 6, 22
1399, 15, 54, 4, 79, 2, 0, 6, 22
1400, 15, 54, 4, 79, 2, 0, 6, 23
1401, 15, 53, 4, 79, 2, 0, 6, 23
1402, 15, 53, 4, 82, 2, 0, 6, 20
1403, 15, 53, 4, 82, 2, 0, 6, 20
1404, 15, 53, 4, 82, 3, 0, 5, 20
1405, 15, 53, 4, 82, 3, 0, 5, 23
1406, 15, 53, 4, 85, 3, 0, 5, 20
1407, 15, 53, 4, 85, 3, 0, 5, 20
1408, 15, 53, 4, 86, 3, 0, 5, 19
1409, 15, 53, 4, 86, 3, 0, 5, 22
1410, 15, 52, 4, 86, 3, 0, 5, 22
1411, 15, 52, 4, 86, 3, 0, 5, 23
1412, 15, 51, 4, 86, 3, 0, 5, 23
1413, 15, 51, 4, 87, 3, 0, 5, 22
1414, 15, 51, 4, 88, 3, 0, 5, 21
1415, 15, 51, 4, 88, 3, 0, 5, 21
1416, 15, 50, 4, 89, 3, 0, 5, 21
1417, 15, 49, 4, 89, 3, 0, 5, 22
1418, 15, 49, 4, 89, 3, 0, 5, 21
1419, 15, 49, 4, 89, 3, 0, 5, 22
1420, 15, 49, 4, 89, 3, 0, 5, 22
1421, 15, 48, 4, 90, 3, 0, 5, 22
1422, 15, 48, 4, 90, 3, 0, 5, 21
1423, 15, 48, 4, 90, 3, 0, 5, 21
1424, 15, 48, 4, 90, 4, 0, 4, 22
1425, 15, 48, 4, 90, 4, 0, 4, 23
1426, 15, 48, 4, 90, 4, 0, 4, 23
1427, 15, 48, 4, 90, 4, 0, 4, 23
1428, 15, 48, 4, 92, 4, 0, 4, 21
1429, 15, 48, 4, 91, 4, 0, 4, 23
1430, 15, 46, 4, 91, 4, 0, 4, 24
1431, 15, 46, 4, 91, 4, 0, 4, 25
1432, 15, 44, 4, 91, 4, 0, 4, 25
1433, 15, 43, 4, 91, 4, 0, 4, 25
1434, 15, 40, 4, 92, 4, 0, 4, 24
1435, 15, 40, 4, 92, 4, 0, 4, 24
1436, 15, 39, 4, 92, 4, 0, 4, 24
1437, 15, 39, 4, 92, 4, 0, 4, 25
1438, 15, 38, 4, 93, 4, 0, 4, 24
1439, 15, 38, 4, 93, 4, 0, 4, 24
1440, 15, 38, 4, 93, 4, 0, 4, 24
1441, 15, 37, 5, 93, 4, 0, 3, 25
1442, 15, 37, 5, 93, 4, 0, 3, 25
1443, 15, 35, 5, 93, 4, 0, 3, 25
1444, 15, 35, 5, 95, 4, 0, 4, 23
1445, 15, 35, 5, 95, 4, 0, 4, 23
1446, 15, 35, 6, 95, 4, 0, 3, 23
1447, 15, 35, 6, 95, 4, 0, 3, 25
1448, 15, 34, 6, 95, 4, 0, 3, 25
1449, 15, 34, 6, 96, 4, 0, 4, 24
1450, 15, 33, 6, 97, 4, 0, 4, 23
1451, 15, 33, 6, 97, 4, 0, 4, 23
1452, 15, 32, 6, 97, 4, 0, 4, 24
1453, 15, 32, 6, 97, 4, 0, 4, 25
1454, 15, 32, 6, 96, 4, 0, 4, 26
1455, 15, 31, 6, 96, 4, 0, 4, 26
1456, 15, 31, 6, 96, 4, 0, 4, 26
1457, 15, 31, 6, 96, 4, 0, 4, 26
1458, 15, 31, 6, 97, 3, 0, 5, 25
1459, 15, 30, 6, 99, 3, 0, 5, 23
1460, 15, 30, 6, 101, 3, 0, 5, 21
1461, 15, 30, 6, 102, 3, 0, 5, 21
1462, 15, 30, 6, 102, 3, 0, 5, 23
1463, 15, 29, 6, 103, 3, 0, 5, 24
1464, 15, 29, 6, 103, 3, 0, 5, 25
1465, 15, 29, 6, 103, 2, 0, 6, 25
1466, 15, 29, 6, 103, 2, 0, 6, 26
1467, 15, 29, 6, 106, 2, 0, 6, 23
1468, 15, 28, 6, 105, 2, 0, 6, 23
1469, 15, 28, 6, 107, 2, 0, 6, 21
1470, 15, 27, 6, 108, 2, 0, 6, 23
1471, 15, 27, 6, 108, 2, 0, 6, 23
1472, 15, 27, 6, 108, 2, 0, 6, 25
1473, 15, 25, 6, 108, 2, 0, 6, 26
1474, 15, 25, 6, 108, 2, 0, 6, 26
1475, 15, 25, 6, 108, 2, 0, 6, 26
1476, 15, 24, 6, 108, 2, 0, 6, 26
1477, 15, 24, 6, 108, 2, 0, 6, 26
1478, 15, 24, 6, 108, 2, 0, 6, 26
1479, 15, 24, 6, 107, 2, 0, 6, 26
1480, 15, 24, 6, 107, 2, 0, 6, 26
1481, 15, 24, 6, 107, 2, 0, 6, 26
1482, 15, 24, 6, 108, 2, 0, 6, 24
1483, 15, 23, 6, 108, 2, 0, 6, 24
1484, 15, 23, 6, 108, 2, 0, 6, 24
1485, 15, 22, 6, 108, 1, 0, 7, 26
1486, 15, 21, 7, 108, 1, 0, 6, 26
1487, 15, 21, 7, 108, 1, 0, 6, 26
1488, 15, 19, 7, 108, 1, 0, 6, 26
1489, 15, 18, 7, 108, 1, 0, 7, 26
1490, 15, 18, 7, 108, 1, 0, 7, 26
1491, 15, 18, 7, 110, 1, 0, 7, 24
1492, 15, 16, 7, 110, 0, 0, 8, 24
1493, 15, 16, 7, 110, 0, 0, 8, 24
1494, 15, 14, 7, 110, 0, 0, 8, 26
1495, 15, 14, 7, 110, 0, 0, 8, 26
1496, 15, 13, 7, 110, 0, 0, 8, 26
1497, 15, 12, 7, 111, 0, 0, 8, 24
1498, 15, 11, 7, 112, 0, 0, 8, 23
1499, 15, 11, 7, 113, 0, 0, 8, 22
1500, 15, 11, 7, 113, 0, 0, 8, 23
1501, 15, 11, 7, 115, 0, 0, 8, 22
1502, 15, 11, 7, 115, 0, 0, 8, 23
1503, 15, 11, 7, 115, 0, 0, 8, 22
1504, 15, 11, 7, 115, 0, 0, 8, 24
1505, 15, 11, 7, 115, 0, 0, 8, 24
1506, 15, 11, 8, 115, 0, 0, 7, 24
1507, 15, 10, 8, 115, 0, 0, 7, 24
1508, 15, 10, 9, 115, 0, 0, 7, 24
1509, 15, 10, 10, 115, 0, 0, 6, 24
1510, 15, 10, 10, 115, 0, 0, 6, 24
1511, 15, 10, 10, 115, 0, 0, 7, 24
1512, 15, 10, 10, 115, 0, 0, 8, 24
1513, 15, 10, 10, 115, 0, 0, 8, 23
1514, 15, 10, 10, 115, 0, 0, 8, 23
1515, 15, 9, 10, 117, 0, 0, 8, 22
1516, 15, 9, 10, 117, 0, 0, 7, 22
1517, 15, 9, 10, 119, 0, 0, 7, 20
1518, 15, 9, 10, 120, 0, 0, 7, 21
1519, 15, 9, 10, 120, 0, 0, 7, 21
1520, 15, 9, 10, 122, 0, 0, 7, 21
1521, 15, 9, 10, 123, 0, 0, 7, 21
1522, 15, 9, 10, 126, 0, 0, 7, 19
1523, 15, 9, 10, 126, 0, 0, 7, 20
1524, 15, 8, 10, 125, 0, 0, 7, 21
1525, 15, 8, 10, 125, 0, 0, 7, 24
1526, 15, 7, 10, 126, 0, 0, 7, 23
1527, 15, 6, 10, 126, 0, 0, 7, 23
1528, 15, 6, 10, 127, 0, 0, 7, 22
1529, 15, 6, 10, 127, 0, 0, 7, 23
1530, 15, 5, 10, 127, 0, 0, 7, 23
1531, 15, 3, 10, 127, 0, 0, 7, 24
1532, 15, 3, 10, 128, 0, 0, 7, 23
1533, 15, 3, 10, 128, 0, 0, 7, 23
1534, 15, 3, 10, 127, 0, 0, 7, 23
1535, 15, 3, 10, 127, 0, 0, 7, 24
1536, 15, 3, 10, 128, 1, 0, 6, 23
1537, 15, 2, 10, 128, 1, 0, 6, 23
1538, 15, 2, 10, 128, 1, 0, 6, 23
1539, 15, 2, 10, 128, 1, 0, 6, 24
1540, 15, 2, 10, 129, 1, 0, 6, 23
1541, 15, 2, 10, 129, 1, 0, 6, 23
1542, 15, 2, 10, 129, 1, 0, 6, 23
1543, 15, 2, 10, 129, 1, 0, 6, 24
1544, 15, 2, 10, 130, 1, 0, 6, 23
1545, 15, 2, 10, 130, 1, 0, 6, 22
1546, 15, 1, 10, 130, 1, 0, 6, 22
1547, 15, 1, 10, 130, 1, 0, 6, 23
1548, 15, 1, 10, 130, 1, 0, 6, 23
1549, 15, 0, 10, 131, 1, 0, 6, 22
